<?xml version="1.0" encoding="UTF-8"?>
<!DOCTYPE suite SYSTEM "https://testng.org/testng-1.0.dtd" >
<suite name="Presidio Portal Automation Test" >
  <test name="Presidio Portal Test Cases" >
    <classes>
       <class name="com.presidio.qa.testcases.LoginPageTest"></class>
       <class name="com.presidio.qa.testcases.HomePageTest"></class>
       <class name="com.presidio.qa.testcases.TrackorderstatusPageTest"></class>
       <class name="com.presidio.qa.testcases.ShopPageTest"></class>
    </classes>
  </test>
</suite>